,movieId,tagId,relevance
0,1,1,0.025
1,1,2,0.025
2,1,3,0.05775
3,1,4,0.09675
4,1,5,0.15675
